title,price,reviews,availability
"Amazon Basics 24-inch Monitor, FHD 1080P, Max 100 Hz, VESA Compatible, Built-in Speakers, Black",£94.99,56,In stock
HORIZON Gaming PC Tower | AMD Ryzen 5 5500 | NVIDIA RTX 4060 8GB | 16GB 3200Mhz RAM | 1TB NVMe SSD | 650W 80+ PSU | ARGB Airflow Black Gaming PC Case | VR Ready | WiFi | Windows 11 - Desktop Computer,£699.99,6,In stock
HORIZON Gaming PC Tower | AMD Ryzen 7 5700X | NVIDIA RTX 5070 12GB | 32GB 3200Mhz RAM | 2TB NVMe SSD | 650W PSU | ARGB Black Gaming PC Case | VR Ready | WiFi | Windows 11,£1299.99,0,Only 3 left in stock.
ADMI Gaming PC • AMD Ryzen 5 5500 • NVIDIA RTX 3050 6GB DDR6 • 16GB 3200MHz DDR4 • 1TB NVME SSD • 500W PSU Bronze Rated • X= Mesh White RGB Gaming Case • WiFi • Windows 11,£559.95,357,In stock
"OHS Reading Pillow for Gaming, Cuddle Cushion Pillow Soft Cosy Supportive Teddy Fleece Cushion with Arms Backrest Cuddle Pillow Relaxing Comfy, Black",£11.99,92,In stock
"MEDE Dimmable Game Neon Sign, Glass Gaming Neon Light Sign Powered by USB with Switch, Blue Led Light Sign for Bedroom Wall Decor Game Room Party Decoration",£16.99,481,In stock
"GIM Wireless Charging RGB Gaming Mouse Pad 15W, LED Mouse Mat 800x300x4MM, 10 Light Modes Extra Large Mousepad Non-Slip Rubber Base Computer Keyboard Mat for Gaming, MacBook, PC, Laptop, Desk",£24.99,4883,In stock
"FUPT Entertainment Lighting, 2PCS Ambiance Gaming Lamp Sync with Music, Immersion Light Bar for TV, Room, Living Room",£16.99,430,In stock
Ziffs Vision® Blue Light Blocking Glasses - Gaming Glasses - Premium Magnetic case & Accessories - Blue Light Glasses Women & Men - British Brand…,£8.99,5298,In stock
"Logitech G G502 HERO High Performance Wired Gaming Mouse, HERO 25K Sensor, 25,600 DPI, RGB, Adjustable Weights, 11 Programmable Buttons, On-Board Memory, PC/Mac - Black",£39.99,34521,In stock
"Logitech G PRO X Gaming-Headset, Corded, Over-Ear Headphones with Blue VO!CE Mic, DTS Headphone:X 7.1, 50mm PRO-G Drivers, 7.1 Surround Sound for esports Gaming, PC/PS/Xbox/Nintendo Switch - Black",£59.99,23952,In stock
"Logitech G435 LIGHTSPEED & Bluetooth Wireless Gaming Headset, Ultra Lightweight 165g over-ear headphones, built-in mics, 18h battery, compatible with Dolby Atmos, PC, PS4, PS5, Nintendo Switch - Black",£32.99,11770,In stock
"Fabric Gaming Chair with Footrest, Ergonomic PC Video Game Chair, Office Computer Chair with Headrest and Lumbar Support, Height Adjustable 360° Swivel Task Chair Chair for Adults-Black",£129.99,18,In stock
"OXS Storm G2 Wireless Gaming Headset, 7.1 Virtual Surround Sound, 3 EQ Modes, 2.4GHz Low Latency, 50mm Driver, 40H Playtime, RGB Light,Bluetooth 5.3, Compatible with PC, Console, Mobile, Black",£79.99,87,In stock
"Ozeino Wireless Gaming Headset for PC, Ps5, Ps4-2.4GHz Lossless Audio USB & Type-C Ultra Stable Gaming Headphones with 40Hr Battery Gamer Headset, Flip Microphone for Switch, Laptop, Mobile, Mac",£28.49,1017,In stock
"JIMYIU Wireless Gaming Headset with Mic for PC, PS5, PS4, Mac, 2.4GHz Bluetooth Gaming Headphones, 50-Hr Battery, Noise-Cancelling Mic for Laptop Computer, Black",£39.99,23,In stock
Gaming Headset Stereo Surround Sound Gaming Headphones with Breathing RGB Light & Adjustable Mic for PS4 PS5 PC Xbox One Laptop Mac,£15.99,18849,In stock
"VELENTI Gamer Chair Phone Stand - Phone Holder for Smartphones, Kindles Up to 19 cm Tall - Fun Gaming Accessories for Gamers - Useful Gamer Gadgets - Lovely Birthday Gift for Gamers",£9.99,186,In stock
"Hcman Headphone Stand Gaming Headset Holder RGB PC Gaming Accessories for Desk, Cool LED Headset Stand with 2 USB Charger for Gamer Fortnite Gifts, Black",£27.99,765,"This item is due to be released on August 31, 2025."
"Logitech G305 LIGHTSPEED Wireless Gaming Mouse, HERO 12K Sensor, 12,000 DPI, Lightweight, 6 Programmable Buttons, 250h Battery Life, On-Board Memory, PC/Mac - Black",£39.99,16960,In stock
"Gaming Headset for PS5 PS4 PC, Over-Ear Headphones with Surround Sound & RGB Light for Xbox Switch Mac Laptop (white)",£16.99,1877,In stock
More or Less History Edition Card Game | 2 Players + | Fun Family Card Games for Adults & Kids | Party | Kids Birthday | Travel | Holiday Games | Gift for Boys or Girls,£11.95,5009,In stock
Tablet 10.4 inch Android 13 Octa-core CPU 16GB RAM 128GB ROM Ultra-thin Lightweight 2K FHD+ Display 5G WiFi 6 BT5.0 Gaming Tablet with GPS 4×Speakers 13MP Camera 2-year Warranty,£129.99,13,In stock
"PHOINIKAS Wireless Gaming Headset with Detachable Noise Canceling Mic, 2.4G USB Transmitter, 40h Battery Life, Gaming Headphones with 7.1 Sound for PS5, PS4, PC, Switch",£25.99,120,In stock
"GC GAVENO CAVAILIA Gamer Duvet Cover Double, Breathable Polycotton Gaming Bedding Set, Soft Comforter Covers",£14.80,765,In stock
Do Not Disturb Gaming Mode Activated Woven Long Cotton Pyjama Set,£11.99,4661,Not Available
KDD Headset Stand with 9 Light Modes - Gaming Controller Holder for Desk - Rotatable Headphone Stand & Detachable Controller Hook for Gamer Gaming PC Xbox ONE PS5 Earphone Accessories（Black,£22.95,865,In stock
"COCONISE Gaming Microphone, USB PC Mic for Podcasts Videos, Streaming, Condenser Mic with Quick Mute, Tripod Stand, Pop Filter, RGB Indicator, Shock Mount, Rotate gain button, Compatible with PS4/5/PC",£26.99,3006,In stock
"Gaming Prints Personalised Gaming Wall Art, Gaming Decor, Gamer Art, Teen Room Prints, Boys Bedroom Decor, Gamer Print, Video Games Room (A3 Print Only)",£14.99,0,In stock
Kangtaixin Hexagon LED Lights — 8 Pack Hex Wall Light RGB Gaming Panels Hexagonal Smart Lighting Panel Sync to Music for Room Bar Gaming Setup Bedroom,£29.99,1259,In stock
"ZoomPlay Novelty Socks Funny Socks DO NOT DISTURB, I'M GAMING Socks, Gamer Socks, Birthday Present Christmas Gifts for Game Lovers Men Women Unisex, Without Gift Box",£4.99,129,Not Available
Lenovo LOQ | 15 inch Full HD Gaming Laptop | Intel Core i5-12450HX | 24GB RAM | 1TB SSD | NVIDIA GeForce RTX 3050 | Windows 11 Home | Luna Grey,£741.09,31,In stock
"Trust Gaming GXT 1619 Rhox RGB Illuminated Soundbar, PC Speakers, 12W Peak Power, USB Powered Sound Bar, 3.5mm Jack, Plug and Play, Stereo PC Soundbar for Desktop, Laptop, Computer – Black/Grey",£29.99,2502,In stock
"Razer Barracuda X Chroma - Wireless Multi-Platform Gaming Headset with 6 Zone Chroma RGB (SmartSwitch Hyperspeed & Bluetooth, 40mm Drivers, Detachable HyperClear Cardioid Mic) Black",£111.38,89,Only 3 left in stock.
"Turtle Beach Recon 50X Gaming Headset for Xbox Series X|S, Xbox One, PS5, PS4 & PC",£19.99,102075,In stock
"Ferswe RGB Under Monitor Light Bar, Dream Color Gaming Bar with Remote Control, USB Port, Dimmable and Speed Adjustable, Changing Desk for PC,",£14.99,750,In stock
"AOC Gaming CU34G2XPD - 34 inch WQHD curved monitor, 180 Hz, 1ms, FreeSync Premium (3440x1440, HDMI, DisplayPort, USB Hub) black/red",£326.70,5396,In stock
"Razer DeathAdder Essential (2021) - Wired Gaming Mouse (Optical Sensor, 6400 DPI, 5 Programmable Buttons, Ergonomic Form Factor) Black",£20.99,29035,In stock
"HyperX Cloud III – Wired Gaming Headset, PC, PS5, Xbox Series X|S, Angled 53mm Drivers, DTS, Memory Foam, Durable Frame, Ultra-Clear 10mm Mic, USB-C, USB-A, 3.5mm",£73.67,3063,In stock
"Logitech G G920 Driving Force Racing Wheel and Floor Pedals, Real Force Feedback, Stainless Steel Paddle Shifters, Leather Steering Wheel Cover for Xbox Series X|S, Xbox One, PC, Mac - Black",£179.00,6983,In stock
"GTPLAYER Gaming Chair,Computer Chair with Footrest and Lumbar Support, Height Adjustable Gaming Chair with 360°-Swivel Seat and Headrest for Office or Gaming White",£98.56,10202,In stock
Funny Gift Idea Gamers Gaming Tee I Was Forced To Put My Controller Down Black Gamer T-Shirt S,£16.96,285,Not Available
Gaming Mouse Pad Topographic Contour Large Desk Mat Long Computer Keyboard Mouse Mat Mousepad with Slip Base Desk Pad Edge for Home Office Work (Black),£9.99,174,In stock
"ASUS ROG Swift OLED PG32UCDM gaming monitor ― 32-inch 4K QD-OLED panel, 240Hz, 0.03ms (GTG), G-SYNC compatible, custom heatsink, graphene film, uniform brightness, 99% DCI-P3, True 10-bit, 90 W Type-C",£1199.00,678,Only 1 left in stock.
"Tatybo Gaming Headset for Ps5 Ps4 Xbox Series X/S, Wired Gaming Headphones for Switch Xbox One PC Stereo Surround Sound Noise Cancelling Mic LED Lights",£13.59,505,In stock
"Homall Gaming Desk with LED Lights, 120 x 60cm RGB Gaming Table Z Shape, Large Computer Desk with Headphone Hook and Cup Holder, Gamer Table for Home Office, Black",£53.99,272,In stock
"BenQ GW2490E 24 Inch Monitor, Gaming 100Hz, Full-HD, IPS, Eye-Care, HDMI, DP",£74.99,1570,In stock
"Smart LED Light Bars, Gaming Lights RGB Flow Light Bars 16 Million Colors Multiple Lighting Effects TV Backlights, Remote Control and App Control, Music Sync for PC, Room Decorative, Ambient Lighting",£29.99,414,In stock
"HOTUT Game Neon Sign, Neon Light Gaming LED Lights, Non-Dimmable Blue Light LED Neon Wall Light Signs, USB/Battery Powered Neon Light, Neon Lamp for Bedroom Wall Decor（Battery not Included）",£8.09,721,In stock
"HP Victus 15"" Gaming Laptop, Intel Core i7-12650H, 16 GB RAM, 512 GB SSD, NVIDIA GeForce RTX 4050 Graphics, FHD Display, 144Hz, Up to 8.5 hrs battery, Win 11, Mica Silver, 15-fa1003sa",£829.99,148,In stock
"Acer Nitro V 16 ANV16-41 Gaming Laptop - AMD Ryzen 7 8845HS, 16GB, 1TB SSD, NVIDIA GeForce RTX 4060 8G, 16"" WUXGA IPS 165Hz, Windows 11, Black",£1099.00,63,In stock
Gamer Evolution Idea Video Game Player Gaming online T-Shirt,£15.99,39,Not Available
"Snpurdiri 60% Wired Mechanical Gaming Keyboard, Mini 61-Key With Red Switches for PC, Windows XP, Win 7, Win 10 (Black-Red)",£22.79,12458,In stock
"SteelSeries Arctis Nova 1 - Gaming Headset for PC, PS5, PS4, Switch, Xbox - Hi-Fi Drivers - 360° Spatial Audio - AirWeave Memory Foam Ear Cushions - Ultra Lightweight - Black",£48.81,1383,In stock
"Razer Basilisk V3 - Wired Customisable Gaming Mouse (10+1 Programmable Buttons, HyperScroll Tilt Wheel, 11 Chroma RGB Lighting Zones, Optical Mouse Switches, Focus+ 26K DPI Optical Sensor) Black",£44.90,24618,Only 8 left in stock.
"Hcman RGB Gaming Mouse Mat Pad, Large Thick (800×300×4mm) XXXL Extended Led Mousepad with Non-Slip Rubber Base, Soft Computer Keyboard Mice Mat for Macbook, PC, Laptop, Desk - Black",£16.98,13855,In stock
"NEWMEN GM611 Gaming Keyboard,60% Percent Mechanical Keyboard 61 Keys LED Backlit Anti-Ghosting Black Keycaps Wired Gaming Keyboard Qwerty for PC, Windows, Gamer, Office, Typists（Red Switches）",£21.99,96,In stock
"MSI Katana 17 Inch FHD Gaming Laptop - (Intel Core i7-13620H, Nvidia GeForce RTX 4050, 16GB RAM, 1TB SSD, Windows 11 Home) - Core Black",£679.00,110,Not Available
"ACEMAGIC 2024 Gaming Laptop Computer - 16.1'' FHD Display Laptop with AMD Ryzen 7 5700U Processor (Up to 4.3 Ghz), 16GB Ram DDR4x2 512GB SSD Gaming Notebook with Backlit Keyboard, Support WiFi 6",£599.99,85,In stock
"Zuimei 2 Pack Gamer Socks, Funny Calf Socks DO NOT DISTURB I'M GAMING, Novelty Birthday Present Thanksgiving Christmas Gifts for Men Women Game Lovers 37-45",£5.99,13,In stock
"Bestier L-Shaped Computer Desk with Built-in Power Outlets & RGB Strip Lights, Reversible Corner Desk with Shelves & Hooks, Compact Home Office Desk for Small Spaces, 106.5cm",£99.99,1634,In stock
"Bestier L-Shaped Computer Desk with Built-in Power Outlets & RGB Strip Lights, Reversible Corner Desk with Shelves & Hooks, Compact Home Office Desk for Small Spaces, 106.5cm",£99.99,1634,In stock
