title,price,rating,reviews,availability
"Amazon Basics 24-inch Monitor, FHD 1080P, Max 100 Hz, VESA Compatible, Built-in Speakers, Black",£94.99,,56,In stock
HORIZON Gaming PC Tower | AMD Ryzen 7 5700X | NVIDIA RTX 5070 12GB | 32GB 3200Mhz RAM | 2TB NVMe SSD | 650W PSU | ARGB Black Gaming PC Case | VR Ready | WiFi | Windows 11,£1299.99,,0,Only 3 left in stock.
HORIZON Gaming PC Tower | AMD Ryzen 5 5500 | NVIDIA RTX 4060 8GB | 16GB 3200Mhz RAM | 1TB NVMe SSD | 650W 80+ PSU | ARGB Airflow Black Gaming PC Case | VR Ready | WiFi | Windows 11 - Desktop Computer,£699.99,,6,In stock
ADMI Gaming PC • AMD Ryzen 5 5500 • NVIDIA RTX 3050 6GB DDR6 • 16GB 3200MHz DDR4 • 1TB NVME SSD • 500W PSU Bronze Rated • X= Mesh White RGB Gaming Case • WiFi • Windows 11,£559.95,,357,In stock
"Lightzz 3D Gamepad Night Light, Game Console Illusion lamp with Remote + Touch 16 Color Flashing Changing + Timer Desk Lamps Kids Room Decor Best Festival Birthday Gifts for Game Fan",£17.99,,1091,In stock
"Lightzz 3D Gamepad Night Light, Game Console Illusion lamp with Remote + Touch 16 Color Flashing Changing + Timer Desk Lamps Kids Room Decor Best Festival Birthday Gifts for Game Fan",£17.99,,1091,In stock
"OHS Reading Pillow for Gaming, Cuddle Cushion Pillow Soft Cosy Supportive Teddy Fleece Cushion with Arms Backrest Cuddle Pillow Relaxing Comfy, Black",£11.99,,92,In stock
"MEDE Dimmable Game Neon Sign, Glass Gaming Neon Light Sign Powered by USB with Switch, Blue Led Light Sign for Bedroom Wall Decor Game Room Party Decoration",£16.99,,481,In stock
"GIM Wireless Charging RGB Gaming Mouse Pad 15W, LED Mouse Mat 800x300x4MM, 10 Light Modes Extra Large Mousepad Non-Slip Rubber Base Computer Keyboard Mat for Gaming, MacBook, PC, Laptop, Desk",£24.99,,4883,In stock
Ziffs Vision® Blue Light Blocking Glasses - Gaming Glasses - Premium Magnetic case & Accessories - Blue Light Glasses Women & Men - British Brand…,£8.99,,5298,In stock
"Fabric Gaming Chair with Footrest, Ergonomic PC Video Game Chair, Office Computer Chair with Headrest and Lumbar Support, Height Adjustable 360° Swivel Task Chair Chair for Adults-Black",£129.99,,18,In stock
"OXS Storm G2 Wireless Gaming Headset, 7.1 Virtual Surround Sound, 3 EQ Modes, 2.4GHz Low Latency, 50mm Driver, 40H Playtime, RGB Light,Bluetooth 5.3, Compatible with PC, Console, Mobile, Black",£79.99,,87,In stock
"Norton 360 for Gamers 2025, Antivirus software 3 Devices and 1-year subscription with automatic renewal, Secure VPN, Dark Web Monitoring and Password Manager, PC/Mac/iOS/Android",£22.85,,358,Available now
"Ozeino Wireless Gaming Headset for PC, Ps5, Ps4-2.4GHz Lossless Audio USB & Type-C Ultra Stable Gaming Headphones with 40Hr Battery Gamer Headset, Flip Microphone for Switch, Laptop, Mobile, Mac",£28.49,,1017,In stock
"FUPT Entertainment Lighting, 2PCS Ambiance Gaming Lamp Sync with Music, Immersion Light Bar for TV, Room, Living Room",£16.99,,430,In stock
Gaming Headset Stereo Surround Sound Gaming Headphones with Breathing RGB Light & Adjustable Mic for PS4 PS5 PC Xbox One Laptop Mac,£15.99,,18849,In stock
Kangtaixin Hexagon LED Lights — 8 Pack Hex Wall Light RGB Gaming Panels Hexagonal Smart Lighting Panel Sync to Music for Room Bar Gaming Setup Bedroom,£29.99,,1259,In stock
"Krysenix PG2 Gaming Headset for PS4, PS5, PC, Xbox One, Switch, Wired Gamer Headphones with AI Stereo Microphone Sound, Ergonomic Design Over Ear Computer Headset with 3.5mm Jack & LED Light Black",£19.99,,1547,In stock
"WolfLawS X3 Wireless Gaming Headset for Xbox Series X|S, Xbox One, PS5, PC, Mac, Nintendo Switch, Bluetooth Over Ear Gaming Headphones with Noise Canceling Microphone, 50H Battery, Low Latency",£49.99,,106,In stock
"ACEMAGIC Gaming Laptop, 16.1 inch FHD Display Game Laptop with AMD Ryzen 7 5700U Processor(beat i7-1265U), up to 4.3Ghz 16GB Ram DDR4 512GB SSD Gaming Notebook with Backlit Keyboard, Support WiFi 6",£449.99,,174,In stock
"JIMYIU Wireless Gaming Headset with Mic for PC, PS5, PS4, Mac, 2.4GHz Bluetooth Gaming Headphones, 50-Hr Battery, Noise-Cancelling Mic for Laptop Computer, Black",£39.99,,23,In stock
"COCONISE Gaming Microphone, USB PC Mic for Podcasts Videos, Streaming, Condenser Mic with Quick Mute, Tripod Stand, Pop Filter, RGB Indicator, Shock Mount, Rotate gain button, Compatible with PS4/5/PC",£26.99,,3006,In stock
"Logitech G435 LIGHTSPEED & Bluetooth Wireless Gaming Headset, Ultra Lightweight 165g over-ear headphones, built-in mics, 18h battery, compatible with Dolby Atmos, PC, PS4, PS5, Nintendo Switch - Black",£32.99,,11770,In stock
Do Not Disturb Gaming Mode Activated Woven Long Cotton Pyjama Set,£11.99,,4661,Not Available
KDD Headset Stand with 9 Light Modes - Gaming Controller Holder for Desk - Rotatable Headphone Stand & Detachable Controller Hook for Gamer Gaming PC Xbox ONE PS5 Earphone Accessories（Black,£22.95,,865,In stock
"Logitech G G502 HERO High Performance Wired Gaming Mouse, HERO 25K Sensor, 25,600 DPI, RGB, Adjustable Weights, 11 Programmable Buttons, On-Board Memory, PC/Mac - Black",£39.99,,34521,In stock
"ZoomPlay Novelty Socks Funny Socks DO NOT DISTURB, I'M GAMING Socks, Gamer Socks, Birthday Present Christmas Gifts for Game Lovers Men Women Unisex, Without Gift Box",£4.99,,129,In stock
"Logitech G PRO X Gaming-Headset, Corded, Over-Ear Headphones with Blue VO!CE Mic, DTS Headphone:X 7.1, 50mm PRO-G Drivers, 7.1 Surround Sound for esports Gaming, PC/PS/Xbox/Nintendo Switch - Black",£59.99,,23952,In stock
"Ferswe RGB Under Monitor Light Bar, Dream Color Gaming Bar with Remote Control, USB Port, Dimmable and Speed Adjustable, Changing Desk for PC,",£14.99,,750,In stock
"Trust Gaming GXT 1619 Rhox RGB Illuminated Soundbar, PC Speakers, 12W Peak Power, USB Powered Sound Bar, 3.5mm Jack, Plug and Play, Stereo PC Soundbar for Desktop, Laptop, Computer – Black/Grey",£29.99,,2502,In stock
"Homall Gaming Desk with LED Lights, 120 x 60cm RGB Gaming Table Z Shape, Large Computer Desk with Headphone Hook and Cup Holder, Gamer Table for Home Office, Black",£53.99,,272,In stock
Funny Gift Idea Gamers Gaming Tee I Was Forced To Put My Controller Down Black Gamer T-Shirt S,£16.96,,285,Not Available
"GTPLAYER Gaming Chair,Computer Chair with Footrest and Lumbar Support, Height Adjustable Gaming Chair with 360°-Swivel Seat and Headrest for Office or Gaming White",£98.56,,10202,In stock
"Razer Barracuda X Chroma - Wireless Multi-Platform Gaming Headset with 6 Zone Chroma RGB (SmartSwitch Hyperspeed & Bluetooth, 40mm Drivers, Detachable HyperClear Cardioid Mic) Black",£111.29,,89,Only 3 left in stock.
"Tatybo Gaming Headset for Ps5 Ps4 Xbox Series X/S, Wired Gaming Headphones for Switch Xbox One PC Stereo Surround Sound Noise Cancelling Mic LED Lights",£13.59,,505,In stock
"Razer DeathAdder Essential (2021) - Wired Gaming Mouse (Optical Sensor, 6400 DPI, 5 Programmable Buttons, Ergonomic Form Factor) Black",£20.99,,29035,In stock
"Logitech G G920 Driving Force Racing Wheel and Floor Pedals, Real Force Feedback, Stainless Steel Paddle Shifters, Leather Steering Wheel Cover for Xbox Series X|S, Xbox One, PC, Mac - Black",£179.00,,6983,In stock
"BEXEVUE L Shaped Gaming Desk, 100x70 cm Computer Desk with Storage Bag, Office Desk Small Writing Table with Large Reversible Storage Shelves, Workstation for Study Play Work Home Office, Black",£50.99,,337,Only 1 left in stock.
Gamer Evolution Idea Video Game Player Gaming online T-Shirt,£15.99,,39,Not Available
"Logitech G305 LIGHTSPEED Wireless Gaming Mouse, HERO 12K Sensor, 12,000 DPI, Lightweight, 6 Programmable Buttons, 250h Battery Life, On-Board Memory, PC/Mac - Black",£39.99,,16959,In stock
"NEWMEN GM611 Gaming Keyboard,60% Percent Mechanical Keyboard 61 Keys LED Backlit Anti-Ghosting Black Keycaps Wired Gaming Keyboard Qwerty for PC, Windows, Gamer, Office, Typists（Red Switches）",£21.99,,96,In stock
JJLC Mens Gamer Gaming Hoodie Oversized Fleece Hoody Sweatshirt,£22.99,,42,In stock
"Zuimei 2 Pack Gamer Socks, Funny Calf Socks DO NOT DISTURB I'M GAMING, Novelty Birthday Present Thanksgiving Christmas Gifts for Men Women Game Lovers 37-45",£5.99,,13,In stock
Boys Emote Legend Dance Gaming Black Blue Cotton Short Pyjamas,£11.99,,555,Not Available
"Funny Socks, DO NOT DISTURB I'M GAMING Socks with Grips Gamer Gifts for Men Who Have Everything, Gaming Socks Novelty Gifts for Teenage Boys Men 9-12 uk Christmas Birthday Gifts",£5.89,,75,In stock
"Cable Guys - Call of Duty Monkey Bomb Gaming Accessories Holder & Phone Holder for Most Controller (Xbox, Play Station, Nintendo Switch) & Phone",£19.99,,1091,In stock
"Razer Basilisk V3 - Wired Customisable Gaming Mouse (10+1 Programmable Buttons, HyperScroll Tilt Wheel, 11 Chroma RGB Lighting Zones, Optical Mouse Switches, Focus+ 26K DPI Optical Sensor) Black",£44.90,,24618,Only 10 left in stock.
"Gaming Headset for PS5 PS4 PC, Over-Ear Headphones with Surround Sound & RGB Light for Xbox Switch Mac Laptop (white)",£16.99,,1877,In stock
"Trust Gaming GXT 232 Mantis Streaming Gaming Microphone for PC, PS4 and PS5, USB Connected, Including Shock Mount, Pop Filter and Tripod Stand, Black",£23.70,,11784,Only 2 left in stock.
"ThePyjamaFactory Boys Video Game Controller Fully Lined Luxury Gaming Fleece Hoodie, Oversized Fleece Blanket Hoody For Kids Black",£14.99,,12,In stock
"DLONGONE 120 x 60cm RGB Gaming Desk, Large Gaming Table for Laptop, Home Office Desk with Carbon Fiber Coated, Gaming PC Desk with Headphone Hook and Cup Holder, Easy to Assemble, Black",£54.99,,1257,In stock
"ACEMAGIC 2024 Gaming Laptop Computer - 16.1'' FHD Display Laptop with AMD Ryzen 7 5700U Processor (Up to 4.3 Ghz), 16GB Ram DDR4x2 512GB SSD Gaming Notebook with Backlit Keyboard, Support WiFi 6",£599.99,,85,In stock
"TECKNET Wireless Gaming Mouse - Rechargeable Wireless Mouse with Optical Sensor Up to 8000 DPI, 6 Programmable Buttons, and RGB Backlighting, 2.4G Lightweight Mouse for Laptop, Computer, Mac",£19.99,,4307,In stock
"SNEAK Energy Drink Starter Pack | 9 Sachets with Monochrome Shaker | No Sugar. No Nasties. Just Natural Caffeine, Focus-Boosting Nootropics",£18.00,,819,In stock
"SNEAK Energy Drink Starter Pack | 9 Sachets with Monochrome Shaker | No Sugar. No Nasties. Just Natural Caffeine, Focus-Boosting Nootropics",£18.00,,819,In stock
